{
	"description": "Paul's Prototype Gallery",
	"images": 
	[
		{
			"caption": "Om nom nom",
			"thumbNailImage": "https://lh4.googleusercontent.com/-bRQRkzp-Ytc/Ua3AlBwKL7I/AAAAAAAAEyw/ak6TiBm4Kbg/s1000-fcrop64=1,21022ad5defcd52a/Android%2BHD%2BWallpapers%2B06.png",
			"largeImage": "https://lh4.googleusercontent.com/-bRQRkzp-Ytc/Ua3AlBwKL7I/AAAAAAAAEyw/ak6TiBm4Kbg/s1000-fcrop64=1,21022ad5defcd52a/Android%2BHD%2BWallpapers%2B06.png"
		},
		{
			"caption": "Standard logo",
			"thumbNailImage": "https://developer.glympse.com/Images/hero-android.png",
			"largeImage": "https://developer.glympse.com/Images/hero-android.png"
		},
		{
			"caption": "Nexus droid",
			"thumbNailImage": "http://www.bestandroidappsreview.com/wp-content/uploads/2012/10/Android_S3_Nexus_FrontA_600.jpeg",
			"largeImage": "http://www.bestandroidappsreview.com/wp-content/uploads/2012/10/Android_S3_Nexus_FrontA_600.jpeg"
		},
		{
			"caption": "Come with me if you want to live",
			"thumbNailImage": "http://4.bp.blogspot.com/-jY4ZxEw-Pvg/UL2kwV_jn8I/AAAAAAAAFyk/CXtIkeML69o/s400/android.png",
			"largeImage": "http://4.bp.blogspot.com/-jY4ZxEw-Pvg/UL2kwV_jn8I/AAAAAAAAFyk/CXtIkeML69o/s400/android.png"
		},
		{
			"caption": "Can we build it? Sure why not",
			"thumbNailImage": "http://2.bp.blogspot.com/-nyTsKF68CBA/TybSlNRJq3I/AAAAAAAABIE/W230SOsvqzU/s400/AndroidDev-2.png",
			"largeImage": "http://2.bp.blogspot.com/-nyTsKF68CBA/TybSlNRJq3I/AAAAAAAABIE/W230SOsvqzU/s400/AndroidDev-2.png"
		},
		{
			"caption": "Jedi Master Droid",
			"thumbNailImage": "http://www.droidforums.net/forum/attachments/droid-3-hacks/41695d1319428814-boot-animations-logos-4732145110_cdafd1beb6_b.jpg",
			"largeImage": "http://www.droidforums.net/forum/attachments/droid-3-hacks/41695d1319428814-boot-animations-logos-4732145110_cdafd1beb6_b.jpg"
		}
	]
}