[
    {
        "title": "Gremlins",
        "description": "A boy inadvertantly breaks 3 important rules concerning his new pet and unleashes a horde of malevolently mischievous monsters on a small town.",
        "studio": "Warner Bros.",
        "videoUrl": "http://videos.movie-list.com/classics/FLV/gremlins.mp4",
        "category": "Comedy",
        "cardImageUrl": "http://www.movie-list.com/img/posters/big/zoom/gremlins.jpg",
        "backgroundImageUrl": "http://www.movie-list.com/img/posters/big/zoom/gremlins.jpg"
    },
    {
        "title": "Evil Dead (2013)",
        "description": "Mia, a young woman struggling with sobriety, heads to a remote cabin with her brother and a group of friends, where the discovery of a Book of the Dead leads to danger and horror.",
        "studio": "TriStar Pictures",
        "videoUrl": "http://cdn.movie-list.com/flvideo/2442.mp4",
        "category": "Horror",
        "cardImageUrl": "http://www.movie-list.com/img/posters/big/evildead2013.jpg",
        "backgroundImageUrl": "http://www.movie-list.com/img/posters/big/evildead2013.jpg"
    },
    {
        "title": "Escape from New York",
        "description": "In 1997, when the US President crashes into Manhattan, now a giant max. security prison, a convicted bank robber is sent in for a rescue.",
        "studio": "TriStar Pictures",
        "videoUrl": "http://videos.movie-list.com/classics/HD/escapefromnewyork.mp4",
        "category": "Action",
        "cardImageUrl": "http://www.movie-list.com/img/posters/big/escapefromnewyork.jpg",
        "backgroundImageUrl": "http://www.movie-list.com/img/posters/big/escapefromnewyork.jpg"
    },
    {
        "title": "Machete Kills",
        "description": "The U.S. government recruits Machete to battle his way through Mexico in order to take down an arms dealer who looks to launch a weapon into space.",
        "studio": "Open Road Films",
        "videoUrl": "http://cdn.movie-list.com/flvideo/machetekillsc.mp4",
        "category": "Action",
        "cardImageUrl": "http://www.movie-list.com/img/posters/big/machetekills.jpg",
        "backgroundImageUrl": "http://www.movie-list.com/img/posters/big/machetekills.jpg"
    },
    {
        "title": "Man of Steel",
        "description": "A young itinerant worker is forced to confront his secret extrastellar origin when Earth is invaded by members of his own race.",
        "studio": "Warner Bros.",
        "videoUrl": "http://www.mp4point.com/downloads/9de7027baa3f.mp4",
        "category": "Action",
        "cardImageUrl": "http://ia.media-imdb.com/images/M/MV5BMjI5OTYzNjI0Ml5BMl5BanBnXkFtZTcwMzM1NDA1OQ@@._V1_SY317_CR1,0,214,317_AL_.jpg",
        "backgroundImageUrl": "http://ia.media-imdb.com/images/M/MV5BMjI5OTYzNjI0Ml5BMl5BanBnXkFtZTcwMzM1NDA1OQ@@._V1_SY317_CR1,0,214,317_AL_.jpg"
    },
    {
        "title": "Amityville Horror",
        "description": "Newlyweds move into a house where a murder was committed, and experience strange manifestations which drive them away.",
        "studio": "MGM",
        "videoUrl": "http://videos.movie-list.com/classics/HD/amityvillehorror.mp4",
        "category": "Horror",
        "cardImageUrl": "http://www.movie-list.com/img/posters/big/amityvillehorror.jpg",
        "backgroundImageUrl": "http://www.movie-list.com/img/posters/big/amityvillehorror.jpg"
    },
    {
        "title": "Carrie (1976)",
        "description": "Carrie White is a shy young girl who doesn\'t make friends easily. After her class mates taunt her about her horrified reaction to her totally unexpected first period one of them takes pity on her and gets Tommy Ross, her boyfriend and class hunk to invite Carrie to the senior prom. Meanwhile another girl who has been banned from the prom for her continued aggressive behaviour is not as forgiving and plans a trick to embarrass Carrie in front of the whole school. What she doesn\'t realise is that Carrie is ... gifted, and you really don\'t want to get her angry.",
        "studio": "MGM",
        "videoUrl": "http://videos.movie-list.com/classics/HD/carrie.mp4",
        "category": "Horror",
        "cardImageUrl": "http://www.movie-list.com/img/posters/big/carrie.jpg",
        "backgroundImageUrl": "http://www.movie-list.com/img/posters/big/carrie.jpg"
    },
    {
        "title": "Army of Darkness",
        "description": "A modern-day man travels back to medieval time to fight an army of the dead. Groovy.",
        "studio": "Universal",
        "videoUrl": "http://videos.movie-list.com/classics/FLV/armyofdarkness.mp4",
        "category": "Comedy",
        "cardImageUrl": "http://www.movie-list.com/img/posters/big/armyofdarkness.jpg",
        "backgroundImageUrl": "http://www.movie-list.com/img/posters/big/armyofdarkness.jpg"
    },
    {
        "title": "Planet of the Apes (1968)",
        "description": "An astronaut crew crash lands on a planet in the distant future where intelligent talking apes are the dominant species, and humans are the oppressed and enslaved.",
        "studio": "20th Century Fox",
        "videoUrl": "http://videos.movie-list.com/classics/FLV/planetoftheapes68b.mp4",
        "category": "Action",
        "cardImageUrl": "http://www.movie-list.com/img/posters/big/planetoftheapes68.jpg",
        "backgroundImageUrl": "http://www.movie-list.com/img/posters/big/planetoftheapes68.jpg"
    },
    {
        "title": "Rocky Horror Picture Show",
        "description": "A newly engaged couple have a breakdown in an isolated area and must pay a call to the bizarre residence of Dr. Frank-N-Furter.",
        "studio": "20th Century Fox",
        "videoUrl": "http://ct1.elfilm.com/video/o/7789-1325341984.mp4",
        "category": "Comedy",
        "cardImageUrl": "http://ia.media-imdb.com/images/M/MV5BMjE5NDc0NjE2NF5BMl5BanBnXkFtZTcwMTE4MTI3NA@@._V1_SX214_AL_.jpg",
        "backgroundImageUrl": "http://ia.media-imdb.com/images/M/MV5BMjE5NDc0NjE2NF5BMl5BanBnXkFtZTcwMTE4MTI3NA@@._V1_SX214_AL_.jpg"
    },
     {
        "title": "Cabin in the Woods",
        "description": "Five friends go for a break at a remote cabin in the woods, where they get more than they bargained for. Together, they must discover the truth behind the cabin in the woods.",
        "studio": "Lions Gate",
        "videoUrl": "http://ct2.elfilm.com/video/o/101132-1366710634.mp4",
        "category": "Horror",
        "cardImageUrl": "http://ia.media-imdb.com/images/M/MV5BNTUxNzYyMjg2N15BMl5BanBnXkFtZTcwMTExNzExNw@@._V1_SX214_AL_.jpg",
        "backgroundImageUrl": "http://ia.media-imdb.com/images/M/MV5BNTUxNzYyMjg2N15BMl5BanBnXkFtZTcwMTExNzExNw@@._V1_SX214_AL_.jpg"
    }

]